{
  "pca": {
    "n_obs": 1138,
    "n_components": 4,
    "variance_explained": [
      0.6076140657138224,
      0.08742495316173853,
      0.08115409808596014,
      0.05250616323653418
    ],
    "cumulative_variance": [
      0.6076140657138224,
      0.6950390188755609,
      0.776193116961521,
      0.8286992801980553
    ],
    "loadings": {
      "PC1": {
        "spin": 0.32899899315505987,
        "unsubstantiated_claims": 0.2758172407674634,
        "opinion_as_fact": 0.3224114131274444,
        "sensationalism": 0.31473404712642805,
        "mudslinging": 0.20142117269940474,
        "mind_reading": 0.1965867387377471,
        "slant": 0.3246271263534133,
        "bias_by_omission": 0.26731160439507007,
        "subjective_adjectives": 0.29950501918796785,
        "word_choice": 0.3076134510988503,
        "negativity_bias": 0.30148062344237747,
        "elite_populist_bias": 0.28531196026129174
      },
      "PC2": {
        "spin": 0.26603060214605323,
        "unsubstantiated_claims": 0.17131938750906814,
        "opinion_as_fact": 0.22397422702613412,
        "sensationalism": 0.21559015951342325,
        "mudslinging": -0.051776469552907524,
        "mind_reading": 0.1706264703176906,
        "slant": -0.3736101253807549,
        "bias_by_omission": -0.5468004908871011,
        "subjective_adjectives": 0.35428497241544066,
        "word_choice": 0.11257532085149469,
        "negativity_bias": -0.19212669499287222,
        "elite_populist_bias": -0.3971908932332193
      },
      "PC3": {
        "spin": -0.1377157672002089,
        "unsubstantiated_claims": 0.04895139059376359,
        "opinion_as_fact": -0.056571059840132436,
        "sensationalism": -0.12516091308200733,
        "mudslinging": 0.6434745342141361,
        "mind_reading": 0.6632030485948897,
        "slant": -0.06046956241534168,
        "bias_by_omission": -0.11840807831379171,
        "subjective_adjectives": -0.1961911281191317,
        "word_choice": -0.15664917248446497,
        "negativity_bias": -0.12867580408336787,
        "elite_populist_bias": 0.09279226510269922
      },
      "PC4": {
        "spin": 0.058171878971811926,
        "unsubstantiated_claims": -0.5767048097698435,
        "opinion_as_fact": -0.300636730125033,
        "sensationalism": 0.29247393796891386,
        "mudslinging": 0.5162450717843032,
        "mind_reading": -0.31467764785060925,
        "slant": -0.0922374960414046,
        "bias_by_omission": -0.11295479839693204,
        "subjective_adjectives": 0.19704133203194793,
        "word_choice": 0.22774589539401274,
        "negativity_bias": 0.1025403976408294,
        "elite_populist_bias": 0.00992955651406087
      }
    }
  },
  "efa": {
    "n_obs": 1138,
    "n_factors": 3,
    "loadings": {
      "F1": {
        "spin": 0.3512768701680482,
        "unsubstantiated_claims": 0.3339435386319027,
        "opinion_as_fact": 0.34115025717923086,
        "sensationalism": 0.3496135623751341,
        "mudslinging": 0.31772991887194335,
        "mind_reading": 0.22638075692057893,
        "slant": 0.8819747353365913,
        "bias_by_omission": 0.8036430831376842,
        "subjective_adjectives": 0.23518878082074682,
        "word_choice": 0.4113674443167288,
        "negativity_bias": 0.6304077012247673,
        "elite_populist_bias": 0.6993932536745168
      },
      "F2": {
        "spin": 0.409526146218572,
        "unsubstantiated_claims": 0.625071662907232,
        "opinion_as_fact": 0.7722109099935518,
        "sensationalism": 0.20861382572083426,
        "mudslinging": 0.1623096202507228,
        "mind_reading": 0.30142336102876105,
        "slant": 0.29231641612534287,
        "bias_by_omission": 0.1747970909264213,
        "subjective_adjectives": 0.37311112083779946,
        "word_choice": 0.3054184463123048,
        "negativity_bias": 0.18950044343690794,
        "elite_populist_bias": 0.24542746450142278
      },
      "F3": {
        "spin": 0.7560368325198645,
        "unsubstantiated_claims": 0.35557329197007304,
        "opinion_as_fact": 0.5044285030884376,
        "sensationalism": 0.8153721931933441,
        "mudslinging": 0.3080613484631517,
        "mind_reading": 0.29604643578832746,
        "slant": 0.33720119199219933,
        "bias_by_omission": 0.21869930688904948,
        "subjective_adjectives": 0.7678996950693169,
        "word_choice": 0.6463882900200081,
        "negativity_bias": 0.5074567081635141,
        "elite_populist_bias": 0.3023101088646453
      }
    },
    "noise_variance": [
      0.13729172338544482,
      0.3712660738773117,
      0.03298275187873778,
      0.16942131280720152,
      0.7777999632851149,
      0.7702364736750071,
      0.023006798984871235,
      0.275739851351296,
      0.2157983551011634,
      0.3196791247262908,
      0.3091480496935989,
      0.3592030295289167
    ]
  },
  "factor_lmms": {
    "factor_1": {
      "method": "lmm",
      "target_main": {
        "estimate": -0.5724880654889382,
        "se": 0.16603134970040334,
        "ci_low": -0.8979035312063037,
        "ci_high": -0.24707259977157253,
        "p": 0.0005646032887122673
      },
      "judge_main": {
        "estimate": -2.4147937835796736,
        "se": 0.0958125534914707,
        "ci_low": -2.602582937689774,
        "ci_high": -2.2270046294695733,
        "p": 3.6843079855325474e-140
      },
      "ablation_main": {
        "estimate": 1.1814425855585555,
        "se": 0.16626846355282635,
        "ci_low": 0.8555623852302052,
        "ci_high": 1.5073227858869058,
        "p": 1.197727999316507e-12
      },
      "baseline_main": {
        "estimate": 1.1599239594172033,
        "se": 0.16603134970040326,
        "ci_low": 0.8345084936998378,
        "ci_high": 1.4853394251345686,
        "p": 2.8248296341344428e-12
      },
      "ablation_x_target": {
        "estimate": 0.8516451339396872,
        "se": 0.23480366187046783,
        "ci_low": 0.39143841323544953,
        "ci_high": 1.3118518546439248,
        "p": 0.00028667537606593893
      },
      "baseline_x_target": {
        "estimate": 0.6149432081076825,
        "se": 0.2346358172549559,
        "ci_low": 0.15506545680484723,
        "ci_high": 1.0748209594105178,
        "p": 0.008771311829139806
      }
    },
    "factor_2": {
      "method": "ols_cluster",
      "target_main": {
        "estimate": -0.03752145601246727,
        "se": 0.08138957334130911,
        "ci_low": -0.19704208847851445,
        "ci_high": 0.1219991764535799,
        "p": 0.644791000390869
      },
      "judge_main": {
        "estimate": 0.5674518678798349,
        "se": 0.06713420050753639,
        "ci_low": 0.435871252754173,
        "ci_high": 0.6990324830054968,
        "p": 2.8512917114165e-17
      },
      "ablation_main": {
        "estimate": 0.15137822897363162,
        "se": 0.07335575167138922,
        "ci_low": 0.007603597638844883,
        "ci_high": 0.29515286030841836,
        "p": 0.039053976196014833
      },
      "baseline_main": {
        "estimate": -0.4370649820622104,
        "se": 0.09246414762072339,
        "ci_low": -0.6182913812600231,
        "ci_high": -0.25583858286439765,
        "p": 2.280195578535567e-06
      },
      "ablation_x_target": {
        "estimate": 0.4147223440660484,
        "se": 0.11164214964882826,
        "ci_low": 0.19590775159771398,
        "ci_high": 0.6335369365343828,
        "p": 0.00020340707602514363
      },
      "baseline_x_target": {
        "estimate": 0.3080369854030262,
        "se": 0.10601958520629982,
        "ci_low": 0.10024241674280304,
        "ci_high": 0.5158315540632494,
        "p": 0.0036669911361453295
      }
    },
    "factor_3": {
      "method": "ols_cluster",
      "target_main": {
        "estimate": 0.09188196381779126,
        "se": 0.053981110204087815,
        "ci_low": -0.013919068027708467,
        "ci_high": 0.197682995663291,
        "p": 0.08873413745480206
      },
      "judge_main": {
        "estimate": -0.10256397255221669,