{
  "per_cell": {
    "gpt__ablation": {
      "n_articles": 95,
      "n_summary_lexicon_match": 27,
      "match_rate": 0.28421052631578947,
      "mean_drift": 0.07736842105263157,
      "sd_drift": 0.35702106563751407,
      "mean_summary_balance": 0.023684210526315783,
      "total_summary_L": 21,
      "total_summary_R": 14,
      "net_summary_balance": 0.19444444444444445
    },
    "gpt__baseline": {
      "n_articles": 95,
      "n_summary_lexicon_match": 18,
      "match_rate": 0.18947368421052632,
      "mean_drift": 0.0887719298245614,
      "sd_drift": 0.36083730203755876,
      "mean_summary_balance": 0.03508771929824561,
      "total_summary_L": 14,
      "total_summary_R": 6,
      "net_summary_balance": 0.38095238095238093
    },
    "gpt__full": {
      "n_articles": 95,
      "n_summary_lexicon_match": 22,
      "match_rate": 0.23157894736842105,
      "mean_drift": 0.05543859649122808,
      "sd_drift": 0.3229997740711574,
      "mean_summary_balance": 0.0017543859649122803,
      "total_summary_L": 13,
      "total_summary_R": 12,
      "net_summary_balance": 0.038461538461538464
    },
    "sonnet__ablation": {
      "n_articles": 95,
      "n_summary_lexicon_match": 27,
      "match_rate": 0.28421052631578947,
      "mean_drift": 0.06508771929824561,
      "sd_drift": 0.3189825143629809,
      "mean_summary_balance": 0.011403508771929822,
      "total_summary_L": 20,
      "total_summary_R": 16,
      "net_summary_balance": 0.10810810810810811
    },
    "sonnet__baseline": {
      "n_articles": 95,
      "n_summary_lexicon_match": 17,
      "match_rate": 0.17894736842105263,
      "mean_drift": 0.03701754385964912,
      "sd_drift": 0.3575525796392317,
      "mean_summary_balance": -0.01666666666666667,
      "total_summary_L": 10,
      "total_summary_R": 12,
      "net_summary_balance": -0.08695652173913043
    },
    "sonnet__full": {
      "n_articles": 95,
      "n_summary_lexicon_match": 25,
      "match_rate": 0.2631578947368421,
      "mean_drift": 0.06771929824561403,
      "sd_drift": 0.32314949191846465,
      "mean_summary_balance": 0.014035087719298242,
      "total_summary_L": 22,
      "total_summary_R": 14,
      "net_summary_balance": 0.21621621621621623
    }
  },
  "per_cell_lean_stratum": {
    "gpt__ablation__CENTER": {
      "n_articles": 29,
      "mean_drift": -0.04597701149425287,
      "mean_summary_balance": -0.017241379310344827,
      "mean_source_balance": 0.028735632183908042,
      "match_rate": 0.10344827586206896
    },
    "gpt__ablation__LEFT": {
      "n_articles": 32,
      "mean_drift": 0.010937499999999996,
      "mean_summary_balance": 0.04947916666666666,
      "mean_source_balance": 0.03854166666666667,
      "match_rate": 0.3125
    },
    "gpt__ablation__RIGHT": {
      "n_articles": 32,
      "mean_drift": 0.21875,
      "mean_summary_balance": 0.020833333333333336,
      "mean_source_balance": -0.19791666666666666,
      "match_rate": 0.40625
    },
    "gpt__baseline__CENTER": {
      "n_articles": 29,
      "mean_drift": 0.005747126436781612,
      "mean_summary_balance": 0.034482758620689655,
      "mean_source_balance": 0.028735632183908042,
      "match_rate": 0.06896551724137931
    },
    "gpt__baseline__LEFT": {
      "n_articles": 32,
      "mean_drift": 0.04999999999999999,
      "mean_summary_balance": 0.08854166666666666,
      "mean_source_balance": 0.03854166666666667,
      "match_rate": 0.34375
    },
    "gpt__baseline__RIGHT": {
      "n_articles": 32,
      "mean_drift": 0.18229166666666666,
      "mean_summary_balance": -0.015625,
      "mean_source_balance": -0.19791666666666666,
      "match_rate": 0.15625
    },
    "gpt__full__CENTER": {
      "n_articles": 29,
      "mean_drift": -0.028735632183908042,
      "mean_summary_balance": 0.0,
      "mean_source_balance": 0.028735632183908042,
      "match_rate": 0.06896551724137931
    },
    "gpt__full__LEFT": {
      "n_articles": 32,
      "mean_drift": 0.034374999999999996,
      "mean_summary_balance": 0.07291666666666666,
      "mean_source_balance": 0.03854166666666667,
      "match_rate": 0.25
    },
    "gpt__full__RIGHT": {
      "n_articles": 32,
      "mean_drift": 0.11458333333333333,
      "mean_summary_balance": -0.08333333333333333,
      "mean_source_balance": -0.19791666666666666,
      "match_rate": 0.34375
    },
    "sonnet__ablation__CENTER": {
      "n_articles": 29,
      "mean_drift": -0.028735632183908042,
      "mean_summary_balance": 0.0,
      "mean_source_balance": 0.028735632183908042,
      "match_rate": 0.06896551724137931
    },
    "sonnet__ablation__LEFT": {
      "n_articles": 32,
      "mean_drift": 0.06822916666666665,
      "mean_summary_balance": 0.10677083333333333,
      "mean_source_balance": 0.03854166666666667,
      "match_rate": 0.375
    },
    "sonnet__ablation__RIGHT": {
      "n_articles": 32,
      "mean_drift": 0.14583333333333334,
      "mean_summary_balance": -0.05208333333333333,
      "mean_source_balance": -0.19791666666666666,
      "match_rate": 0.375
    },
    "sonnet__baseline__CENTER": {
      "n_articles": 29,
      "mean_drift": -0.04597701149425287,
      "mean_summary_balance": -0.017241379310344827,
      "mean_source_balance": 0.028735632183908042,
      "match_rate": 0.034482758620689655
    },
    "sonnet__baseline__LEFT": {
      "n_articles": 32,
      "mean_drift": 0.04999999999999999,
      "mean_summary_balance": 0.08854166666666666,
      "mean_source_balance": 0.03854166666666667,
      "match_rate": 0.21875
    },
    "sonnet__baseline__RIGHT": {
      "n_articles": 32,
      "mean_drift": 0.09114583333333333,
      "mean_summary_balance": -0.10677083333333333,
      "mean_source_balance": -0.19791666666666666,
      "match_rate": 0.25
    },
    "sonnet__full__CENTER": {
      "n_articles": 29,
      "mean_drift": -0.028735632183908042,
      "mean_summary_balance": 0.0,
      "mean_source_balance": 0.028735632183908042,
      "match_rate": 0.13793103448275862
    },
    "sonnet__full__LEFT": {
      "n_articles": 32,
      "mean_drift": 0.06041666666666665,
      "mean_summary_balance": 0.09895833333333333,
      "mean_source_balance": 0.03854166666666667,
      "match_rate": 0.3125
    },
    "sonnet__full__RIGHT": {
      "n_articles": 32,
      "mean_drift": 0.15625,
      "mean_summary_balance": -0.04166666666666667,
      "mean_source_balance": -0.19791666666666666,
      "match_rate": 0.3125
    }
  },
  "summary_lexicon_match_rate": {}
}